{"success": true, "score": 0.5320006509090172, "scoreJson": {"score": 0.5320006509090172}}