{"success": true, "score": 0.5444838877873618, "scoreJson": {"score": 0.5444838877873618}}