{"success": true, "score": 0.4095275088911142, "scoreJson": {"score": 0.4095275088911142}}