{"success": true, "score": 0.4322373308206258, "scoreJson": {"score": 0.4322373308206258}}