{"success": true, "score": 0.33849699967150326, "scoreJson": {"score": 0.33849699967150326}}