{"success": true, "score": 0.3611299223044956, "scoreJson": {"score": 0.3611299223044956}}