{"success": true, "score": 0.43627366169546355, "scoreJson": {"score": 0.43627366169546355}}