{"success": true, "score": 0.3524708215001682, "scoreJson": {"score": 0.3524708215001682}}