{"success": true, "score": 0.32694372741460237, "scoreJson": {"score": 0.32694372741460237}}