{"success": true, "score": 0.4189474418223332, "scoreJson": {"score": 0.4189474418223332}}