{"success": true, "score": 0.5315579740359808, "scoreJson": {"score": 0.5315579740359808}}