{"success": true, "score": 0.4157238921851281, "scoreJson": {"score": 0.4157238921851281}}