{"success": true, "score": 0.3926369541673654, "scoreJson": {"score": 0.3926369541673654}}